<GuiXml>
    <Controls>
        <TopLevelControl name="groupFrame" hidden="true" clampedToScreen="true" mouseEnabled="false" movable="false">
            <Dimensions x="200" y="40" />
            <Anchor point="TOPLEFT" relativeTo="GuiRoot" relativePoint="LEFT" offsetX="20" offsetY="-200"/>
            <Controls>

                <Label name="$(parent)Name" text="1" font="ZoFontWinH4" color="ffffff" scale="0.8">
                    <Anchor point="TOPLEFT" relativeTo="$(parent)" relativePoint="TOPLEFT" offsetX="10"/>
                    <OnInitialized>
                    UnitFramesGroup1Name:SetHidden(true)
                    </OnInitialized>
                </Label>

                <Control name="$(parent)Unit">
                    <Dimensions x="200" y="30" />
                    <Anchor point="TOPLEFT" relativeTo="$(parent)" relativePoint="TOPLEFT"/>
                    <Controls>
                        <Backdrop name="$(parent)Backdrop" edgeColor="1a1a1a" centerColor="1a1a1a" alpha="1" layer="0" level="0">
                            <Dimensions x="200" y="30" />
                            <Anchor point="TOPLEFT" relativeTo="$(parent)" relativePoint="TOPLEFT" offsetY="10"/>
                            <Edge edgeSize="0" />
                        </Backdrop>

                        <StatusBar name="$(parent)Bar" color="933f3f" alpha="1" layer="0" level="1" textureFile="KharfUI/modules/unitframes/bar.dds">
                            <Dimensions x="200" y="30" />
                            <Anchor point="TOPLEFT" relativeTo="$(parent)" relativePoint="TOPLEFT" offsetX="0" offsetY="10"/>
                            <Limits min="0" max="100" />
                        </StatusBar>

                        <Label name="$(parent)ValueLabel" font="ZoFontWinH4" color="ffffff" scale="0.8">
                            <Anchor point="TOPLEFT" relativeTo="$(parent)" relativePoint="TOPLEFT" offsetX="205"/>
                        </Label>

                        <Label name="$(parent)ShieldValueLabel" font="ZoFontWinH4" color="ffffff" scale="0.8">
                            <Anchor point="TOPRIGHT" relativeTo="$(parent)" relativePoint="TOPRIGHT" offsetX="-10"/>
                        </Label>

                        <Backdrop name="$(parent)Border" edgeColor="000000" layer="0" level="2" centerColor="00000000" alpha="1">
                            <Dimensions x="200" y="30" />
                            <Anchor point="TOPLEFT" relativeTo="$(parent)" relativePoint="TOPLEFT"/>
                            <Edge edgeSize="1" />
                        </Backdrop>

                        <Label name="$(parent)UnitName" font="ZoFontWinH4" color="ffffff">
                            <Dimensions />
                        </Label>
                    </Controls>
                    <OnInitialized>
                    UnitFramesGroup1Unit:SetHidden(true)
                    </OnInitialized>
                </Control>
            </Controls>
        </TopLevelControl>
    </Controls>
</GuiXml>
